type,total_transactions,fraud_count,fraud_rate
CASH_IN,1399284,0,0.0
CASH_OUT,2237500,4116,0.0018395530726256983
DEBIT,41432,0,0.0
PAYMENT,2151495,0,0.0
TRANSFER,532909,4097,0.007687991758442811
